0,94,131,114,110,124,136,116,229,163,232,240,247,212,202,89,151,127,122,125,145,214,126,104,184,166,188,102,121,150,234,237,199,216,233,224,252,201,226,192,256,226,234,273,311,307,275,312,327,303,297,316,342,327,325,316,303,307,440,344,356,348,358,365,401,434,332,370,328,361,268,299,298,248,251,292,287,282,275,268,255,266,296,140,147,165,93,141,156,133,173,134,155,115,118,114,144,128,185,166,228,192,234,338,352,418,310,232,215,283,330,233,260,257,142,137,147,184,166,157,260,190,260,239,186,220,201
94,0,101,85,105,121,106,84,232,166,235,244,250,215,205,101,154,130,143,128,166,219,130,125,187,169,191,118,119,153,238,232,202,219,236,226,256,192,222,196,260,230,224,263,314,311,279,316,330,306,301,319,345,331,329,320,307,311,444,348,359,351,361,368,404,438,335,388,331,364,271,302,301,251,254,295,290,285,278,287,258,274,299,131,148,166,100,148,163,134,174,133,142,115,119,121,139,129,187,167,217,179,221,325,339,405,296,219,202,270,318,220,247,245,132,125,151,174,156,144,247,177,251,226,181,207,188
133,103,0,91,124,95,83,86,223,158,227,235,259,232,197,141,146,162,180,129,203,257,121,162,225,186,223,158,109,190,221,208,193,197,215,202,234,168,198,184,239,208,200,233,293,290,257,295,309,285,280,298,324,310,308,299,286,290,423,331,376,368,378,385,392,426,352,390,348,381,270,312,310,243,270,312,308,295,287,290,257,266,316,99,140,159,136,180,195,162,175,100,110,143,139,154,105,120,156,158,187,147,189,292,307,372,264,187,170,238,285,188,215,212,107,101,142,150,131,112,215,145,219,194,147,175,156
115,85,91,0,103,119,89,86,240,174,243,251,273,238,212,122,162,153,164,142,187,242,137,146,210,192,213,139,125,176,244,232,210,221,238,226,258,192,221,203,262,232,224,257,317,313,281,318,333,309,304,322,348,334,332,322,309,313,446,350,381,374,384,391,415,450,357,396,353,387,286,325,324,258,277,318,313,308,300,294,273,282,322,122,147,166,113,159,174,144,182,115,134,125,129,132,125,128,175,166,211,171,213,316,331,396,288,211,194,262,308,212,238,236,131,124,158,174,155,136,238,169,240,218,166,198,179
107,105,118,101,0,149,105,124,249,183,252,261,267,233,222,103,171,148,143,145,166,233,147,126,205,187,208,120,141,170,255,245,219,234,251,238,271,204,234,212,275,244,236,269,330,326,294,331,346,322,316,335,361,346,344,335,322,326,459,367,376,368,378,386,421,455,352,390,348,382,289,319,319,268,271,312,308,303,295,288,275,287,316,115,122,141,84,131,146,117,148,107,131,98,93,104,119,103,161,141,223,183,225,324,333,398,290,223,191,269,311,224,251,233,144,137,168,186,168,148,236,166,235,215,161,196,177
124,114,95,115,149,0,118,91,205,139,208,217,240,210,178,131,127,139,160,107,183,237,102,142,205,164,201,144,87,171,211,199,175,188,205,192,225,158,188,168,229,198,190,229,284,280,248,285,300,276,270,289,315,300,298,289,276,280,413,317,357,345,355,363,382,416,333,367,325,359,252,294,291,224,251,289,285,276,268,266,239,247,293,101,151,170,134,182,197,172,185,118,111,154,150,155,115,130,165,169,184,149,191,294,309,374,266,189,172,240,287,190,217,214,98,91,123,140,122,114,216,147,221,196,156,176,157
134,103,79,87,108,115,0,100,241,175,244,252,276,249,213,141,163,172,183,145,206,261,138,166,229,202,233,158,126,195,240,228,211,217,234,221,254,187,217,203,258,228,219,252,313,309,277,314,329,305,300,318,344,329,328,318,305,309,442,351,392,384,394,402,411,446,368,406,364,397,287,329,327,259,287,328,325,312,304,307,274,283,332,102,131,150,126,170,186,152,166,96,118,134,130,145,105,110,156,150,207,167,208,312,321,386,278,207,179,257,299,208,234,221,127,120,159,170,151,132,223,154,221,203,147,183,164
116,84,87,86,128,93,104,0,217,151,220,229,252,223,190,123,139,149,161,120,184,238,115,144,206,177,209,140,102,172,223,211,187,200,217,205,237,170,200,181,241,211,203,241,296,292,260,297,312,288,283,301,327,312,311,301,288,292,425,329,366,358,368,376,394,428,342,380,338,372,264,306,303,236,263,302,298,288,280,279,251,259,306,112,162,181,122,170,185,156,196,126,123,138,142,144,126,142,177,181,196,160,202,306,320,386,278,199,183,251,299,201,228,226,110,102,136,153,134,125,228,158,232,207,168,188,169
228,233,224,241,250,203,246,214,0,142,94,95,149,182,108,230,166,187,248,189,245,279,167,227,247,170,210,243,188,212,77,128,115,110,111,112,126,128,122,116,106,108,139,183,163,159,127,164,179,155,150,168,194,180,178,168,155,154,292,201,236,228,238,246,261,296,212,250,208,242,131,173,170,103,130,172,168,155,147,150,118,126,176,211,261,280,233,281,296,273,296,229,222,255,258,254,225,241,267,280,167,194,197,297,312,377,269,214,248,243,290,200,219,270,185,202,156,145,171,209,298,223,302,277,250,258,239
162,167,159,175,184,138,181,148,143,0,146,154,178,165,116,164,98,131,193,123,189,223,100,171,191,126,168,177,122,157,148,151,113,130,147,138,166,115,140,106,170,140,154,198,225,221,189,226,241,217,211,230,256,241,239,230,217,221,354,258,295,287,297,304,323,358,271,309,267,300,189,231,229,162,189,231,227,214,206,209,176,185,235,146,196,215,166,215,229,207,231,164,157,189,192,188,160,175,211,215,176,157,202,305,320,385,277,200,199,251,298,201,228,242,137,139,90,109,122,159,249,175,253,229,201,209,190
231,237,228,244,253,207,250,217,94,146,0,86,127,160,112,233,170,188,241,189,237,272,170,219,238,160,190,246,192,213,108,149,126,127,142,136,157,137,138,122,135,138,157,200,192,189,157,194,209,185,179,198,224,207,207,188,185,164,322,230,231,223,233,241,276,310,207,245,203,237,127,169,167,100,126,167,165,152,144,146,114,123,171,215,265,284,236,284,299,276,300,233,226,258,261,257,229,245,280,284,184,212,215,315,329,395,287,232,265,260,307,218,237,288,202,208,159,162,187,226,314,240,319,294,267,275,256
240,245,238,254,262,217,260,226,94,155,88,0,126,166,121,242,179,196,249,198,254,271,179,228,237,178,189,255,201,222,108,158,135,137,143,144,158,146,148,132,137,140,166,210,195,191,159,196,211,187,181,200,220,193,204,174,176,149,319,227,218,211,221,228,263,297,194,233,190,224,113,155,153,85,112,155,151,138,130,133,100,108,158,225,275,294,245,293,308,286,310,243,236,268,270,267,239,254,290,294,194,221,225,324,339,404,296,241,274,270,317,227,247,299,212,217,169,171,197,235,324,250,328,303,276,284,265
231,236,253,260,253,231,275,239,151,180,130,126,0,121,141,233,178,178,240,189,236,238,198,219,204,143,157,246,220,204,159,199,160,178,193,187,209,171,189,156,187,188,205,248,229,235,208,231,246,221,216,241,242,216,226,195,201,199,341,249,232,224,234,242,277,310,208,246,204,238,145,175,175,135,126,168,126,159,151,110,131,143,170,243,290,309,236,284,299,277,316,261,254,259,261,258,257,272,308,309,233,253,263,363,378,443,335,280,299,309,356,266,285,336,236,237,193,196,221,257,349,274,353,328,299,309,290
212,217,233,240,234,209,256,220,179,168,158,154,122,0,168,214,159,159,219,169,211,200,178,199,166,115,117,227,200,180,187,228,187,206,222,215,237,198,217,184,215,217,232,276,268,268,236,269,284,260,255,278,281,255,265,234,240,237,380,288,271,263,273,280,316,350,247,285,243,276,183,214,213,173,166,207,158,197,190,154,170,181,207,224,271,289,216,265,280,257,297,242,235,239,242,238,238,252,289,289,260,257,291,390,405,470,362,300,295,336,383,293,313,337,222,216,173,209,222,237,339,270,344,319,280,299,281
200,206,198,213,222,176,219,186,109,115,112,121,139,168,0,202,139,157,218,162,215,249,139,197,216,132,173,215,161,182,115,136,95,115,132,123,151,106,126,91,143,125,140,183,200,196,164,201,216,192,187,205,231,217,215,206,192,192,330,238,261,253,263,271,298,333,237,276,233,267,156,198,196,128,155,197,193,180,173,174,143,151,201,185,235,253,205,253,268,246,269,202,196,228,230,227,199,214,249,253,167,188,198,298,312,378,270,214,234,243,291,201,220,271,171,178,128,131,156,195,283,209,288,263,236,243,224
88,103,140,123,104,131,145,125,230,164,233,242,249,214,203,0,152,129,110,126,133,199,128,96,183,168,189,83,123,150,236,239,200,217,234,226,254,203,228,194,258,228,236,275,312,309,277,314,328,305,299,318,343,329,327,318,305,309,442,350,357,350,360,367,402,436,333,372,329,363,270,300,300,249,268,294,305,284,276,270,257,268,297,134,140,160,87,135,150,127,167,128,150,109,112,108,138,123,180,160,229,194,236,339,352,418,309,234,211,285,331,235,262,253,143,139,149,186,167,159,255,185,254,234,180,215,196
151,156,148,164,173,127,170,137,168,98,170,179,178,158,140,153,0,108,169,97,166,199,89,148,168,112,153,166,111,133,173,176,137,154,171,163,191,140,165,131,195,165,179,222,249,246,214,251,266,242,236,255,280,266,264,255,242,246,379,287,301,293,303,311,346,380,277,315,273,307,214,244,244,186,196,237,233,228,220,213,200,209,241,135,185,204,155,204,219,196,220,153,146,178,181,177,149,164,200,204,196,177,222,325,340,405,297,220,206,271,318,221,247,248,133,127,84,133,142,148,251,181,255,230,191,211,192
126,131,162,154,148,138,175,148,191,133,181,187,180,159,159,128,108,0,134,98,136,169,126,113,138,113,135,141,131,103,196,197,159,176,193,185,213,169,187,153,217,187,201,244,271,268,235,273,287,263,258,276,302,287,286,265,264,268,401,309,302,295,305,312,348,381,279,317,275,308,215,246,245,205,198,239,234,229,221,215,202,213,243,154,185,204,131,179,194,171,211,172,165,153,156,152,168,166,219,203,229,203,244,348,363,428,320,242,225,294,341,244,270,268,152,148,122,171,176,168,270,200,274,249,210,230,211
120,143,180,165,144,161,185,162,254,194,254,250,257,219,222,109,171,137,0,152,94,160,157,105,144,176,173,114,152,111,259,261,222,239,256,248,276,232,250,216,280,250,264,305,334,331,299,336,350,327,321,340,366,350,349,329,327,331,464,372,366,358,368,376,411,445,342,380,338,372,278,309,308,268,277,302,297,292,285,294,265,276,306,174,181,200,127,175,190,167,207,168,186,149,152,148,178,162,219,199,259,224,266,369,384,449,341,264,247,315,362,265,291,289,173,168,179,216,197,189,291,221,294,270,220,251,232
123,129,130,143,145,104,152,116,190,124,192,197,190,170,163,125,96,99,150,0,160,194,92,131,162,123,161,138,98,128,195,198,160,177,194,185,213,162,187,153,217,187,201,245,272,268,236,273,288,264,258,277,303,288,286,276,264,268,401,305,313,305,315,323,358,392,289,327,285,319,225,256,255,209,208,249,244,239,232,225,212,223,253,122,172,190,128,176,191,168,207,139,133,151,153,150,136,151,186,191,205,170,212,316,330,396,287,210,193,261,308,211,238,235,120,115,108,155,144,135,237,168,242,217,177,197,178
146,169,205,190,169,186,210,187,249,192,240,246,239,211,218,134,166,136,95,160,0,149,183,130,136,172,165,139,177,103,255,256,218,235,252,244,272,228,246,211,276,246,260,303,330,326,294,331,346,322,317,335,361,346,345,324,322,327,460,368,361,354,364,371,406,440,337,376,333,367,274,305,304,264,257,298,293,288,280,274,261,272,302,199,206,225,152,200,215,192,232,193,211,174,177,173,203,187,245,225,284,249,291,394,409,474,366,289,272,340,387,290,317,314,198,194,181,229,222,214,316,247,319,296,245,276,257
215,222,259,245,238,236,267,240,285,228,272,272,248,202,249,203,201,172,164,195,141,0,221,199,104,196,154,208,228,152,290,292,253,270,287,279,307,264,281,247,311,281,295,339,365,362,330,367,381,358,352,371,396,372,380,351,357,355,495,403,388,380,390,398,433,467,364,402,360,394,300,331,331,290,283,324,293,315,307,289,287,299,328,252,275,293,221,269,284,261,301,262,263,243,246,242,266,257,314,294,323,300,342,446,460,526,417,340,323,391,438,341,368,365,250,245,216,265,273,265,367,298,372,347,308,327,309
126,131,123,139,148,102,145,112,167,101,169,178,201,177,139,128,88,125,157,92,180,219,0,139,187,131,172,141,86,152,172,175,136,153,170,162,190,139,164,130,194,164,178,221,248,245,213,250,265,241,235,254,280,265,263,254,241,245,350,282,318,311,321,328,347,382,294,333,290,324,213,255,253,185,212,255,251,238,230,233,200,208,258,110,160,178,131,179,193,171,195,128,121,153,156,152,124,140,175,179,194,159,200,304,318,384,276,198,181,249,296,199,226,223,108,103,85,132,132,123,226,156,230,205,166,186,167
101,124,161,145,124,139,165,143,230,173,221,227,233,199,199,93,147,114,98,129,121,190,138,0,171,153,174,98,133,132,236,237,199,216,233,224,252,209,226,192,256,226,241,284,311,307,275,312,327,303,297,316,342,326,325,305,303,307,440,344,342,334,344,352,387,421,318,356,314,348,255,285,285,245,237,278,274,269,261,255,241,253,282,155,161,179,107,155,167,148,187,148,167,130,132,129,158,143,200,180,240,204,246,350,364,430,322,244,227,295,343,245,272,269,154,149,159,196,178,169,272,202,274,251,200,232,213
183,188,225,211,205,200,233,207,251,194,236,236,213,166,213,183,168,138,144,162,136,101,187,171,0,160,118,188,195,118,257,258,220,237,254,245,273,230,247,213,277,247,261,305,332,328,296,333,348,324,318,337,362,336,346,315,322,319,461,370,352,344,354,362,397,431,328,366,324,358,265,295,295,255,247,288,257,279,271,253,251,263,292,218,242,261,188,236,251,229,268,229,229,211,213,210,232,224,281,261,289,267,308,412,427,492,384,306,289,358,404,307,334,332,216,211,182,231,240,231,334,264,338,313,274,294,275
165,170,187,193,187,162,209,173,163,121,145,151,143,115,122,167,112,112,173,122,170,193,131,152,159,0,111,180,153,137,170,184,145,162,179,171,199,156,173,139,197,173,187,231,255,251,219,256,271,247,241,260,277,251,260,229,236,233,375,279,266,259,269,276,311,345,242,281,238,272,179,210,209,169,162,203,198,193,185,179,166,177,207,177,224,243,170,218,230,210,250,195,188,192,195,191,191,205,242,242,215,210,246,345,360,425,317,253,248,291,338,248,268,290,175,171,126,162,175,190,293,223,297,272,233,253,234
186,192,225,215,209,201,236,210,205,162,188,188,157,118,165,188,153,135,170,160,162,151,172,174,118,112,0,201,193,131,212,226,188,205,222,213,241,198,215,181,240,215,230,273,297,293,261,299,313,289,284,302,314,288,298,267,273,271,413,317,304,296,306,314,349,383,280,318,276,310,216,247,247,206,199,240,209,231,223,205,203,215,244,217,245,264,191,240,255,232,271,232,228,214,217,213,231,227,281,264,257,251,288,388,402,468,360,294,288,333,380,291,310,330,214,210,167,203,216,230,332,263,337,312,272,292,273
102,119,156,139,120,145,161,140,245,179,247,256,263,228,217,82,166,143,115,141,139,205,142,102,189,182,203,0,137,156,250,253,214,231,249,240,268,217,242,208,272,242,250,289,326,323,291,328,343,319,313,332,357,343,341,332,319,323,456,364,371,364,374,381,416,451,347,386,343,377,284,315,314,263,267,308,303,298,290,284,271,282,312,150,157,176,103,151,166,143,183,144,166,125,128,124,154,138,196,176,243,208,250,354,368,434,325,248,226,299,346,249,276,269,158,153,163,200,182,173,271,201,270,250,196,231,212
123,122,114,129,145,88,135,102,190,124,193,202,225,201,163,125,112,132,154,99,177,231,88,136,199,155,194,137,0,165,196,199,160,177,194,186,214,159,188,154,218,188,191,230,272,269,237,274,288,265,259,278,303,289,287,278,265,269,402,310,342,335,344,352,371,405,318,357,314,348,237,279,276,209,236,279,275,262,254,256,224,232,282,101,151,170,127,176,187,168,186,118,112,150,150,149,115,130,165,170,184,149,191,294,309,375,266,189,172,240,287,190,217,214,99,93,109,141,123,114,216,147,221,196,156,176,157
149,154,190,177,171,169,198,172,216,159,207,213,220,180,185,150,133,103,112,127,103,150,152,134,119,139,132,155,160,0,222,223,185,202,219,210,238,195,212,178,242,212,227,270,297,293,261,298,313,289,284,302,328,313,311,291,289,293,426,335,328,321,331,338,373,407,304,343,300,334,241,271,271,230,224,265,260,255,247,241,228,239,268,183,207,226,153,202,217,194,233,194,194,176,179,175,197,189,246,226,254,232,274,377,392,457,349,272,255,323,370,273,299,297,181,176,147,196,205,197,299,229,303,278,239,259,240
238,243,227,250,260,214,248,224,80,153,109,110,164,195,119,240,176,197,259,199,255,289,177,237,257,180,221,253,198,223,0,130,117,113,114,115,129,131,124,118,109,111,141,185,166,161,130,167,182,158,153,171,197,182,181,171,158,162,295,204,251,243,253,261,264,299,227,265,223,257,146,188,185,118,145,187,184,170,162,165,133,141,191,214,264,282,243,291,306,283,298,231,225,265,263,264,228,243,270,282,169,197,200,300,314,380,271,216,251,245,293,203,222,272,188,204,166,147,173,212,300,226,305,280,252,260,241
235,234,212,235,247,200,233,211,126,150,148,155,197,225,134,237,174,194,256,197,252,286,174,235,254,189,231,250,196,220,124,0,111,99,85,80,107,116,89,113,123,86,104,147,177,173,141,179,193,169,164,182,208,194,192,183,170,174,307,211,296,289,299,306,275,310,273,311,269,302,191,219,205,163,191,233,229,216,208,211,178,187,237,199,249,267,240,288,300,270,283,216,210,252,248,262,213,228,254,267,131,159,162,262,276,342,234,179,224,207,255,165,184,235,173,189,163,132,158,197,263,210,288,264,236,244,225
198,204,196,212,221,175,217,184,118,113,127,136,159,188,97,200,137,157,219,160,215,249,137,198,217,152,194,213,159,183,114,114,0,93,110,102,130,92,104,76,134,104,118,161,188,184,152,189,204,180,175,193,219,205,203,194,180,185,318,226,276,268,278,286,286,320,252,290,248,282,171,213,210,143,170,212,209,195,187,190,158,166,216,183,233,252,203,251,266,244,267,200,194,226,229,225,197,212,239,251,146,173,176,276,291,356,248,193,220,222,269,179,198,249,157,172,126,116,142,181,269,195,274,249,221,229,210
215,221,199,222,234,187,221,199,110,130,128,136,176,205,114,217,154,174,236,177,232,266,154,214,234,169,211,230,176,200,108,99,91,0,95,87,115,103,81,92,124,89,113,156,179,175,143,180,195,171,166,184,210,195,193,184,171,175,308,216,277,269,279,287,277,312,253,291,249,282,171,213,207,144,171,213,209,196,188,191,158,167,217,186,236,255,220,268,283,258,271,204,197,239,235,242,200,216,242,255,140,168,171,271,285,351,243,188,223,217,264,174,193,244,160,177,143,120,146,184,272,198,277,252,225,233,214
236,241,221,245,257,210,244,221,109,151,138,139,192,222,135,238,175,195,257,197,253,287,175,235,255,190,231,251,197,221,107,89,112,100,0,85,93,125,99,113,107,78,115,159,161,157,126,163,177,154,148,167,193,178,176,167,154,158,291,195,280,273,282,290,260,294,256,295,252,286,175,203,189,147,174,216,213,199,192,194,162,170,220,208,258,277,241,289,304,280,293,226,219,261,258,262,222,238,265,277,143,170,174,273,288,353,245,189,235,219,266,176,196,247,183,199,164,142,168,206,275,221,299,274,247,255,236
223,227,205,228,240,194,227,205,113,138,136,142,184,213,122,225,162,182,244,185,240,274,162,222,242,177,218,238,184,208,111,80,99,87,82,0,103,109,80,100,112,76,97,141,167,163,131,168,183,159,153,172,198,183,181,172,159,163,268,204,283,276,286,293,265,300,259,298,255,289,178,209,195,150,177,220,216,203,195,198,165,174,224,192,242,260,228,276,291,264,277,210,203,245,241,249,206,222,247,261,125,152,156,255,270,335,227,172,217,201,248,158,178,229,167,183,151,126,152,190,257,203,282,257,230,238,219
251,257,237,260,272,225,259,237,125,166,154,155,207,238,150,253,190,210,272,213,268,302,190,251,270,205,247,266,212,236,123,106,127,116,94,105,0,141,115,129,111,95,131,151,160,130,119,155,183,155,153,143,200,185,183,174,161,165,298,206,296,288,298,305,267,302,272,310,268,301,190,211,197,163,190,232,228,209,207,210,177,186,236,224,274,293,256,304,320,295,309,242,235,277,273,278,238,253,280,293,159,187,190,290,304,370,261,206,252,235,283,193,212,263,198,214,179,158,183,222,291,236,315,290,263,271,252
200,191,169,193,205,158,191,169,130,115,137,145,169,198,106,202,139,168,230,162,226,260,139,209,228,163,205,215,157,194,128,115,91,103,121,109,140,0,105,81,146,114,107,150,200,197,164,202,216,192,187,205,231,217,215,206,193,197,330,238,286,278,288,296,298,333,262,300,258,292,180,223,220,153,180,222,218,205,197,200,167,176,226,156,206,225,205,246,261,228,241,174,167,209,206,221,170,186,213,225,133,149,164,264,278,344,236,180,193,209,256,167,186,236,131,146,128,90,116,154,243,169,247,223,195,203,184
228,224,201,225,237,190,223,201,124,143,140,149,189,218,127,230,166,187,248,189,245,279,167,227,247,182,223,243,188,212,122,90,104,83,97,83,117,105,0,105,127,91,101,144,181,177,145,182,197,173,168,186,212,198,196,187,173,178,311,219,289,282,292,299,279,314,265,304,261,295,184,223,209,156,183,226,222,209,201,204,171,180,230,188,238,256,233,278,293,260,273,206,199,241,238,253,202,218,245,257,128,156,159,259,273,339,231,175,221,204,252,162,181,232,163,179,156,122,148,186,260,201,279,254,227,235,216
192,198,185,206,215,169,206,178,117,107,121,130,153,182,91,194,131,151,213,154,209,243,131,192,211,146,188,207,153,177,115,114,75,92,109,101,129,81,103,0,133,103,117,161,187,184,152,189,203,180,174,193,218,204,202,193,180,184,317,225,270,263,272,280,286,320,246,285,242,276,165,207,205,137,164,206,203,189,182,184,152,160,210,172,222,241,197,245,260,238,257,190,183,220,221,219,186,201,228,241,145,163,176,275,290,355,247,192,209,221,268,178,198,249,146,160,120,106,131,170,258,184,263,238,211,218,199
255,261,241,264,276,229,262,240,105,170,133,135,188,220,143,257,194,214,276,217,272,306,194,254,274,204,245,270,216,240,108,125,131,127,109,115,110,145,126,132,0,106,142,186,128,124,92,130,144,120,115,133,159,145,143,134,121,124,258,166,265,258,268,275,226,261,241,280,237,271,171,170,156,143,170,200,209,169,175,190,158,158,205,228,278,297,260,308,323,299,312,245,239,281,277,282,242,257,284,296,170,197,201,300,315,380,272,217,262,246,292,203,223,274,202,217,183,161,187,226,301,240,319,294,266,274,255
225,231,210,234,246,199,232,210,109,140,138,139,186,215,124,227,164,184,246,186,242,276,164,224,244,179,220,240,186,210,107,87,101,89,76,77,96,114,88,102,106,0,104,148,160,157,125,162,176,152,147,165,191,177,175,166,153,157,290,194,280,272,282,289,259,293,256,294,252,285,174,202,188,147,174,216,212,199,191,194,161,170,220,197,247,266,230,278,293,269,282,215,208,250,247,251,211,227,254,266,132,160,163,262,277,342,234,179,224,208,255,165,185,236,172,188,153,131,157,195,264,210,288,263,236,244,225
234,224,203,226,238,191,224,202,140,154,157,166,203,232,141,236,178,201,263,201,259,293,178,241,261,196,237,249,190,227,138,103,118,112,110,97,130,107,100,119,140,104,0,110,194,190,158,195,210,186,181,199,225,211,209,200,186,191,324,227,306,299,309,316,292,327,282,321,278,312,201,236,222,173,200,243,239,226,218,221,188,196,246,190,240,259,238,279,294,261,275,208,186,243,239,254,199,219,219,250,97,124,127,227,242,307,199,144,189,173,220,130,149,200,164,180,161,124,149,168,228,175,254,229,202,209,190
273,264,234,258,269,230,255,241,185,199,202,211,248,277,186,275,223,246,304,246,304,338,223,286,306,241,282,288,229,272,183,148,163,157,155,142,149,152,145,164,185,149,112,0,231,201,201,226,254,226,224,214,270,256,254,245,231,236,369,272,351,344,354,361,337,372,327,366,323,357,246,281,267,218,245,288,284,271,263,266,233,241,291,220,270,288,268,310,325,292,305,238,212,273,270,285,225,250,245,276,112,150,145,238,253,318,210,161,215,184,231,147,160,211,203,213,206,169,178,194,239,201,280,255,228,236,217
310,315,295,318,330,283,317,295,163,224,191,192,225,274,200,312,248,269,330,271,326,360,248,309,328,262,303,325,270,294,165,179,186,181,163,170,161,199,180,187,129,160,196,234,0,106,121,77,91,75,89,90,124,110,108,110,97,116,223,131,241,234,244,251,191,226,217,256,213,247,161,146,132,187,179,177,198,145,151,192,173,169,182,282,332,350,314,363,377,354,367,300,293,335,331,336,296,312,338,351,224,252,255,355,369,435,326,271,316,300,347,258,277,328,256,272,238,216,241,280,356,294,373,348,321,329,310
307,313,293,316,328,281,314,292,160,222,187,189,233,274,197,309,246,266,328,269,324,358,246,306,326,258,300,322,268,292,162,173,183,178,158,167,130,197,178,184,125,158,194,203,104,0,104,98,127,99,97,86,148,134,132,122,109,115,246,150,254,246,256,264,215,250,230,269,226,260,163,159,145,186,191,189,211,157,163,205,172,168,194,280,330,349,312,360,375,351,364,297,290,333,329,334,294,309,336,348,222,249,253,352,367,432,324,269,314,298,345,255,275,326,254,270,235,213,239,278,353,292,370,346,318,326,307
275,280,260,283,295,249,282,260,127,189,155,157,210,242,165,277,213,234,295,236,292,325,214,274,294,226,267,290,235,259,130,145,151,146,129,135,120,164,145,152,93,125,162,201,121,106,0,123,137,113,108,118,152,138,136,127,114,117,251,159,258,251,261,268,219,254,234,273,230,264,165,163,149,165,192,194,215,162,168,209,174,170,198,247,297,316,280,328,340,319,332,265,258,300,296,301,261,277,303,316,189,217,220,320,334,400,292,236,282,265,313,223,242,293,222,238,203,181,207,245,321,259,338,313,286,294,275
312,317,297,321,333,286,319,297,165,227,193,195,228,276,203,314,250,271,332,273,329,363,251,311,331,264,305,327,272,296,168,182,188,183,166,172,156,201,182,189,131,162,199,228,77,98,123,0,104,80,91,80,137,122,120,112,99,118,235,143,244,236,246,254,204,239,220,258,216,250,163,149,135,190,181,178,200,147,153,194,175,172,184,284,334,353,317,365,380,356,369,302,295,337,334,338,298,314,341,353,227,254,257,357,372,437,329,274,319,303,350,260,279,330,259,275,240,218,244,282,358,297,375,350,323,331,312
327,333,313,336,348,301,334,312,180,242,208,210,244,292,218,329,266,286,348,289,344,378,266,326,346,279,321,342,288,312,183,197,203,198,181,187,184,217,198,204,146,177,214,256,91,128,138,104,0,97,110,115,125,115,105,128,115,134,227,131,251,241,251,258,196,231,235,265,231,256,179,164,150,205,197,184,216,163,169,210,191,187,200,300,350,369,332,380,395,371,384,317,310,352,349,353,314,329,356,368,242,269,272,372,387,452,344,288,334,318,364,275,294,345,274,290,255,233,259,297,373,312,390,366,338,346,327
302,307,287,311,323,276,309,287,155,217,183,185,218,266,193,304,241,261,322,263,319,353,241,301,321,254,295,317,262,286,158,172,178,173,156,162,155,191,172,179,121,152,189,227,75,100,113,80,96,0,80,98,127,113,111,102,89,109,226,134,234,226,236,244,194,229,210,248,206,240,153,139,125,180,171,169,190,137,143,184,165,162,174,274,324,343,307,355,370,346,359,292,285,327,324,328,288,304,331,343,217,244,247,347,362,427,319,264,309,293,340,250,269,320,249,265,230,208,234,272,348,287,365,340,313,321,302
297,303,283,306,318,271,304,282,150,212,178,180,213,262,188,299,236,256,318,259,314,348,236,297,316,249,291,312,258,282,153,167,173,169,151,158,154,187,168,175,116,148,184,226,89,97,109,90,108,81,0,104,123,109,107,97,84,104,222,130,229,221,231,239,190,225,205,243,201,235,148,134,120,175,167,164,186,132,138,180,161,157,169,270,320,339,302,350,365,341,355,287,281,323,319,324,284,299,326,339,212,239,243,342,357,422,314,259,304,288,335,245,265,316,244,260,225,204,229,268,343,282,361,336,309,316,297
316,321,301,324,336,290,323,301,169,230,197,199,240,283,206,318,254,275,336,277,333,366,255,315,335,268,309,331,276,300,172,186,192,187,170,176,144,205,186,193,135,166,203,217,88,87,117,79,113,98,105,0,146,132,130,129,116,122,217,153,261,253,263,271,214,248,237,275,233,267,171,166,152,194,198,196,218,164,170,212,179,175,201,288,338,357,321,369,384,360,373,306,299,341,337,342,302,318,344,357,230,258,261,361,375,441,333,277,323,306,353,264,283,334,263,277,244,222,248,286,362,300,379,354,327,335,316
339,345,325,348,360,313,347,325,193,254,221,217,239,288,230,341,278,298,360,301,356,390,278,339,358,292,324,354,300,324,195,209,215,211,193,200,198,229,210,217,159,190,226,270,123,148,151,136,125,127,122,147,0,104,97,123,118,137,175,107,227,216,226,234,172,206,215,241,221,231,174,158,146,207,193,168,211,158,164,205,188,184,195,312,362,381,344,392,404,383,397,330,323,365,361,366,326,341,368,381,254,282,285,384,399,464,356,301,346,330,377,287,307,358,286,302,267,246,271,310,386,324,403,378,351,358,340
323,329,309,332,344,297,331,309,177,238,203,188,211,260,214,325,262,282,344,285,340,374,262,323,342,276,296,338,284,308,179,193,199,195,177,184,182,213,194,201,143,174,210,254,107,130,135,120,112,111,106,131,104,0,87,89,100,110,202,110,220,209,219,227,171,206,199,234,195,224,146,125,118,178,165,140,183,130,136,177,159,155,167,296,346,364,328,376,392,367,381,314,307,349,345,350,310,325,352,365,238,266,269,368,383,448,340,285,330,314,361,271,291,342,270,286,251,230,255,294,370,308,387,362,335,343,324
324,330,310,333,345,298,331,309,177,239,205,202,224,272,215,326,263,283,345,286,341,375,263,324,343,276,309,339,285,309,180,194,200,196,178,185,183,214,195,202,143,175,211,255,108,133,136,121,103,111,107,132,87,89,0,108,102,122,188,92,211,201,211,219,156,191,200,225,206,216,159,143,131,191,177,152,196,143,149,190,173,169,180,297,347,365,329,377,392,368,382,314,308,350,346,351,311,326,353,366,239,266,270,369,384,449,341,286,331,315,362,272,292,343,271,286,252,231,256,295,370,309,388,363,336,343,324
318,323,303,326,337,292,325,303,171,232,186,170,192,240,208,320,256,277,338,279,335,359,257,317,323,260,277,330,278,302,174,188,194,189,172,178,176,207,188,195,137,168,205,248,114,125,129,116,131,107,101,132,125,93,109,0,87,95,224,128,208,200,210,218,192,227,184,222,180,214,127,113,99,163,145,142,164,111,117,158,141,140,148,290,340,359,323,371,383,362,375,308,301,343,339,344,304,320,346,359,232,260,263,363,377,443,335,279,325,308,356,266,285,336,265,281,246,224,250,288,364,303,381,356,329,337,318
301,307,287,310,322,275,308,286,155,216,182,174,200,249,192,303,240,260,322,263,318,352,240,301,320,253,285,316,262,286,157,171,177,173,155,162,160,191,172,179,120,152,188,232,98,110,113,99,114,90,85,116,119,103,103,84,0,89,218,121,216,208,218,226,186,221,192,231,188,222,135,121,107,161,154,151,173,119,125,167,145,141,156,274,324,343,306,354,366,345,359,292,285,327,323,328,288,303,330,343,216,243,247,346,361,426,318,263,308,292,339,249,269,320,248,264,229,208,233,272,348,286,365,340,313,320,301
306,311,291,315,327,280,313,291,153,221,164,149,199,249,193,308,245,265,326,267,323,357,245,305,325,255,284,321,266,290,162,176,182,177,160,166,164,195,176,183,125,156,193,236,116,114,117,118,133,109,103,121,138,114,121,95,89,0,236,140,226,218,228,236,205,240,202,240,198,232,129,131,117,133,156,161,183,129,135,177,138,128,166,278,328,347,311,359,374,350,363,296,289,331,328,332,292,308,335,347,221,248,251,351,366,431,323,268,313,297,344,254,273,324,253,267,234,212,238,276,352,291,369,344,317,325,306
393,399,379,402,414,367,400,378,246,308,274,271,293,341,284,395,332,352,414,355,410,444,332,393,412,345,378,408,354,378,249,263,269,264,247,253,252,283,264,271,212,244,280,324,177,202,205,190,183,180,176,201,158,158,152,177,171,191,0,139,219,209,219,226,164,147,207,233,213,224,228,192,200,260,246,198,265,212,218,259,242,238,235,366,416,434,398,446,461,437,451,383,377,419,415,420,380,395,422,434,308,335,339,438,453,518,410,355,400,384,431,341,361,413,340,356,321,300,325,364,439,378,457,432,405,412,393
343,348,328,351,363,316,350,328,196,257,224,220,242,291,233,345,281,302,363,304,360,393,282,342,362,295,328,358,303,327,199,213,219,214,197,203,201,232,213,220,162,193,230,273,126,150,154,139,132,130,125,150,106,107,101,126,121,140,173,0,197,186,196,204,142,177,185,211,191,202,177,161,149,210,196,171,215,161,168,209,191,187,198,315,365,384,347,396,411,387,400,333,326,368,364,369,329,345,371,384,257,285,288,388,402,468,360,304,350,333,381,291,310,361,289,306,271,249,275,313,389,327,406,381,354,362,343
355,360,377,384,377,358,399,363,236,297,233,219,232,281,263,357,321,311,373,321,369,396,321,351,363,300,317,370,342,337,250,300,276,278,285,286,300,288,289,273,268,282,308,351,245,255,260,246,254,237,232,263,230,224,223,211,217,225,266,210,0,86,83,88,168,218,100,89,105,81,182,189,190,211,185,152,205,168,171,199,196,206,154,366,414,433,369,408,423,409,440,384,377,383,394,382,380,396,431,433,335,363,366,466,480,546,438,382,416,411,459,369,388,439,353,360,310,313,338,377,465,391,470,445,418,425,406
347,352,369,375,369,350,391,355,228,288,225,210,224,273,254,349,312,327,364,335,361,391,313,367,358,292,309,362,334,352,242,291,268,270,277,277,292,279,281,265,259,274,299,343,236,248,251,238,242,229,223,255,217,213,204,202,209,217,254,195,85,0,84,92,159,215,99,98,104,89,174,181,182,203,177,144,197,160,162,191,188,198,155,358,405,425,352,400,423,392,432,376,369,374,386,373,372,388,423,425,327,354,358,457,472,537,429,374,407,403,450,360,380,431,345,351,302,304,330,368,457,383,461,437,409,417,398
384,362,379,397,388,355,403,365,238,298,235,220,234,283,264,368,322,337,375,323,362,398,323,353,365,302,319,381,344,362,252,301,278,280,287,288,302,290,291,275,269,284,309,353,247,259,262,248,254,239,234,265,229,223,222,213,219,227,266,206,83,84,0,74,157,207,109,88,114,80,184,191,192,213,187,154,207,170,172,201,198,208,165,368,416,435,371,419,425,402,442,386,379,384,387,383,382,398,433,435,337,365,368,468,482,548,439,384,418,413,460,371,390,441,355,361,312,314,340,379,467,393,471,447,419,427,408
364,377,388,400,386,366,409,371,245,305,241,227,240,289,271,366,329,343,411,330,377,405,329,360,371,308,325,378,351,369,259,308,285,286,293,294,308,296,297,281,276,290,316,359,253,265,268,255,260,245,240,271,235,230,229,219,225,234,261,211,87,90,74,0,142,198,113,80,118,84,190,198,199,220,194,160,213,177,179,207,205,215,172,374,422,441,377,425,440,409,448,392,385,400,402,399,389,404,439,441,344,371,374,474,489,554,446,391,424,420,467,377,396,447,361,367,318,321,346,385,474,399,478,453,426,434,415
410,416,396,419,431,384,417,395,263,325,278,263,277,326,301,412,349,369,431,372,427,444,349,409,411,345,362,425,371,395,266,280,286,281,264,270,269,300,281,288,229,261,297,341,194,217,222,207,200,197,193,218,175,175,169,194,188,208,180,156,161,159,151,143,0,119,181,146,187,162,227,209,217,256,230,197,250,213,215,244,241,251,209,383,432,452,405,463,477,454,467,400,394,436,432,437,397,412,439,451,325,352,356,455,470,535,427,371,417,401,448,358,378,429,357,373,338,316,342,381,456,395,474,449,421,429,410
444,449,429,453,464,418,451,429,297,359,311,296,310,359,335,446,383,403,442,405,461,477,383,429,440,378,395,459,404,428,300,314,320,315,298,304,302,333,314,321,263,294,331,374,228,252,255,241,234,231,226,252,209,208,202,228,222,241,145,186,220,215,209,201,121,0,214,205,220,220,260,243,250,289,263,230,283,246,248,277,274,284,241,416,466,485,447,497,501,488,501,434,427,469,466,470,430,446,473,485,359,386,389,489,504,569,461,406,451,435,481,392,411,462,391,406,372,350,376,414,490,429,507,482,455,463,444
332,364,354,372,354,332,376,340,213,273,210,195,209,258,239,334,297,288,341,298,346,373,298,328,339,277,294,347,319,313,227,276,253,255,262,262,277,264,266,250,244,259,284,328,222,232,236,223,238,214,208,240,215,203,208,187,194,202,251,192,100,93,103,111,178,212,0,114,81,106,158,166,167,188,162,129,182,145,147,176,173,183,131,343,393,410,337,412,424,377,417,361,354,368,362,385,357,372,408,410,312,339,343,442,457,522,414,359,392,388,435,345,365,416,330,337,287,289,315,353,442,368,446,421,394,402,383
376,400,391,396,398,370,412,375,248,309,245,231,244,293,275,369,333,323,376,355,381,412,333,364,378,312,329,391,355,373,262,312,289,290,297,298,312,300,301,285,280,294,320,363,257,269,272,259,266,249,244,275,242,236,235,223,229,238,263,222,86,96,86,78,151,201,112,0,117,80,194,202,202,223,198,164,217,181,183,211,208,218,166,378,426,445,372,429,444,439,452,396,389,395,397,394,392,408,443,445,347,375,378,478,492,558,450,394,428,423,471,381,400,451,365,372,322,325,350,389,477,403,482,457,430,437,419
327,332,351,355,349,330,371,340,208,268,205,190,204,253,234,329,292,283,344,293,341,368,293,315,325,272,289,351,314,309,222,271,248,250,257,258,272,260,261,245,239,254,279,323,217,227,232,218,233,209,204,235,220,199,213,183,189,197,256,200,105,104,113,117,183,217,81,119,0,110,154,161,162,183,157,124,177,140,142,171,168,178,126,338,386,405,332,380,395,372,412,356,349,354,357,353,352,368,403,405,307,335,338,438,452,518,409,354,387,383,430,341,360,411,325,331,282,284,310,348,437,363,441,417,389,397,378
370,366,383,390,383,359,405,374,242,303,239,225,238,287,269,372,327,317,379,349,375,406,327,357,372,306,323,376,349,367,256,306,282,284,291,292,306,294,295,279,274,288,314,357,251,263,266,252,260,243,238,269,235,229,222,217,223,232,271,215,80,89,81,85,169,218,106,83,111,0,188,196,196,217,192,158,211,174,177,205,202,212,160,372,420,439,366,414,429,407,446,390,383,415,391,414,386,402,437,439,341,369,372,472,486,552,444,388,422,417,465,375,394,445,359,366,316,319,344,383,471,397,476,451,424,431,412
266,272,272,287,289,249,293,260,129,189,126,111,143,194,155,269,213,222,284,233,280,298,213,263,274,211,228,281,235,248,143,192,169,171,177,178,193,180,181,166,172,175,200,243,163,164,165,164,179,155,150,170,176,150,160,129,135,127,275,183,181,174,184,191,226,260,157,196,153,187,0,110,108,104,98,118,138,93,85,121,82,92,121,259,309,328,271,320,335,312,344,276,270,294,297,293,273,288,323,327,228,255,258,358,373,438,330,275,308,304,351,261,280,331,245,251,202,205,231,269,358,283,362,337,310,318,299
304,301,313,323,326,292,335,302,170,230,168,152,172,221,196,298,254,275,304,262,309,337,255,292,303,240,258,311,276,301,184,222,210,212,206,213,211,222,223,207,172,203,239,283,149,159,164,150,165,141,136,167,161,127,144,115,121,129,209,163,187,179,189,196,206,241,163,201,159,192,109,0,91,145,126,109,145,91,98,139,123,133,128,300,350,369,300,349,363,341,380,318,311,323,326,322,314,330,365,369,267,294,298,397,412,477,369,314,350,343,390,300,320,371,287,293,244,246,272,311,399,325,403,379,351,359,340
297,302,311,325,328,289,332,299,168,228,165,150,174,222,194,299,252,272,314,275,311,338,252,293,308,242,259,312,274,298,182,208,208,209,192,198,196,219,208,204,157,188,225,268,134,146,149,136,151,127,121,152,147,121,131,100,107,115,246,154,190,182,192,200,215,249,166,204,162,196,106,90,0,143,127,125,146,93,99,140,121,131,130,297,347,367,318,350,374,351,382,315,308,341,327,340,312,327,362,366,252,280,283,383,397,463,355,299,345,328,376,286,305,357,284,290,241,244,269,308,384,322,401,376,349,357,338
247,252,244,260,269,223,266,233,101,161,99,83,135,185,127,249,185,206,268,208,263,290,186,245,256,189,217,262,207,232,115,165,141,143,150,151,165,153,154,138,144,147,172,216,186,185,166,188,203,179,173,191,207,179,190,160,159,132,305,213,210,203,213,220,255,290,186,225,182,216,105,147,145,0,104,147,143,130,122,125,92,91,151,231,281,299,252,300,315,292,316,249,242,274,277,273,245,261,296,300,200,228,231,331,345,411,302,247,281,276,323,234,253,304,218,224,175,177,203,242,330,256,335,310,282,290,271
250,255,272,278,272,249,294,258,129,190,127,112,127,177,156,252,205,230,258,216,255,282,214,237,248,187,209,265,236,231,143,193,169,171,178,179,193,181,182,166,172,175,201,244,182,192,194,184,199,174,169,198,195,169,179,148,154,156,294,198,185,177,187,195,230,263,161,199,157,191,99,128,127,105,0,121,113,112,104,95,89,100,125,259,309,328,255,303,317,295,335,277,270,277,280,276,273,289,324,327,228,256,259,359,373,439,331,275,309,304,351,262,281,332,246,252,203,206,231,270,358,284,363,338,311,318,299
299,295,314,318,312,292,336,298,171,231,168,153,167,216,197,301,255,270,307,256,304,334,256,317,298,235,252,305,277,295,185,234,211,213,220,221,235,223,224,208,201,217,242,286,178,189,193,180,184,171,165,196,176,143,159,144,151,159,244,173,149,141,151,158,194,228,125,163,121,154,117,110,124,146,120,0,140,95,105,134,131,141,100,301,349,368,322,343,358,335,386,319,312,317,320,316,315,331,366,368,270,298,301,401,415,481,372,317,350,346,393,304,323,374,288,294,245,247,273,311,400,326,404,380,352,360,341
282,295,303,310,304,279,326,289,168,228,165,150,126,160,191,284,237,237,290,248,295,295,248,269,261,205,213,297,270,263,182,231,208,210,217,217,232,219,221,205,211,214,239,283,201,211,216,202,217,193,188,219,214,188,198,167,173,181,313,221,204,197,207,214,249,283,180,219,176,210,138,147,146,143,114,141,0,130,123,102,128,139,126,294,341,359,286,335,350,327,366,316,305,309,312,308,308,322,358,359,267,294,298,397,412,477,369,314,347,343,390,300,320,371,285,286,242,244,270,307,397,323,401,377,349,357,338
280,293,296,308,302,275,318,285,153,213,150,135,156,205,179,282,237,258,297,246,293,321,238,298,287,224,242,295,259,261,167,216,193,195,202,203,208,205,206,190,169,199,224,268,146,158,161,148,163,139,133,164,159,133,143,112,119,127,258,166,168,160,170,178,213,247,144,182,140,174,92,91,92,128,110,95,129,0,80,123,106,116,108,283,333,351,293,341,348,325,364,301,294,307,310,315,297,313,348,352,252,279,283,382,397,462,354,299,332,328,375,285,305,356,270,277,227,229,255,293,382,308,386,362,334,342,323
273,278,289,301,295,268,311,278,146,206,144,128,150,199,172,275,230,251,282,239,278,314,231,269,272,218,235,288,252,255,160,210,186,188,195,196,210,198,199,183,176,192,217,261,153,165,168,154,169,145,140,171,166,140,150,119,125,133,265,173,170,162,172,180,215,248,146,184,142,176,85,99,98,121,104,106,122,81,0,116,99,109,110,276,326,345,278,326,341,319,361,294,287,301,303,300,290,306,341,345,245,273,276,376,390,456,347,292,326,321,368,279,298,349,263,269,220,222,248,287,375,301,380,355,327,335,316
264,278,286,293,286,264,308,272,150,211,148,133,109,155,174,275,220,220,273,230,269,284,231,252,249,188,202,279,253,246,164,214,191,192,199,200,214,202,203,187,193,196,222,265,197,207,212,198,214,189,184,215,211,184,194,163,169,177,309,217,200,193,203,210,245,279,176,215,172,206,123,143,142,126,96,137,103,126,119,0,110,121,136,276,323,342,269,317,332,310,349,294,287,292,294,291,291,305,341,342,249,277,280,380,394,460,352,296,330,325,373,283,302,353,267,269,224,227,252,290,379,305,384,359,332,339,321
253,259,259,274,276,237,280,247,116,176,113,98,130,181,142,255,200,209,262,220,259,285,200,241,252,198,212,268,222,235,130,179,156,158,164,165,180,167,168,152,159,162,187,230,174,173,174,175,190,166,161,179,189,162,173,143,146,137,288,192,194,186,196,203,239,273,170,208,166,199,83,125,122,91,87,130,126,107,99,108,0,80,134,246,296,314,258,306,321,299,330,263,257,281,284,280,260,275,310,314,215,242,245,345,360,425,317,262,295,291,337,248,267,318,232,239,189,192,218,256,345,270,349,324,297,305,286
265,270,268,284,287,247,290,257,125,185,123,107,142,192,151,267,209,221,283,231,279,297,210,261,263,203,224,280,231,256,139,188,165,167,174,175,189,177,178,162,160,171,196,240,170,167,170,171,186,162,157,175,185,158,169,139,142,128,284,192,204,197,206,214,249,283,180,219,176,210,91,133,131,92,99,140,138,116,108,120,80,0,144,255,305,323,270,318,339,311,340,273,266,293,295,292,269,285,320,324,224,252,255,355,369,435,326,271,305,300,347,258,277,328,242,248,199,201,227,266,354,280,359,334,306,314,295
295,308,316,322,317,294,339,303,176,236,172,158,170,207,202,297,260,250,312,261,308,336,260,291,293,239,257,310,282,276,190,239,216,218,224,225,239,227,228,212,208,222,247,290,184,195,199,186,201,177,171,202,198,172,181,150,157,165,280,204,154,153,162,167,207,241,130,169,126,160,121,130,130,150,125,106,126,108,110,135,136,146,0,306,354,373,299,348,362,340,380,323,317,322,325,321,320,335,370,372,275,302,305,405,420,485,377,322,355,351,398,308,327,378,292,298,249,252,278,316,405,330,409,384,357,365,346
138,131,100,119,116,100,102,111,210,146,214,223,246,222,184,134,133,153,174,120,197,251,109,156,219,176,215,151,98,185,208,196,181,185,202,189,222,155,185,171,226,196,187,220,281,277,245,282,297,273,268,286,312,297,296,286,273,277,410,319,363,356,366,373,379,414,339,378,335,369,258,300,298,230,257,300,296,283,275,278,245,254,304,0,117,136,116,157,172,139,152,85,82,120,117,132,81,97,132,136,174,134,176,275,284,350,241,174,142,218,262,175,202,185,95,89,130,138,119,99,187,117,191,166,123,147,128
146,149,141,148,123,152,131,163,262,197,266,274,298,272,236,142,185,186,182,172,205,274,160,165,244,226,247,159,151,209,260,247,232,236,254,241,273,207,237,223,278,247,239,271,332,329,297,334,348,324,319,337,363,349,347,338,325,329,462,366,415,407,417,425,431,465,391,429,387,421,309,352,349,282,309,351,347,334,326,329,296,305,355,118,0,98,123,165,180,147,109,111,134,128,108,140,122,100,121,98,226,186,227,327,336,401,293,225,189,269,313,226,253,236,146,140,181,189,170,150,224,169,215,203,141,184,168
164,167,159,165,141,169,149,180,280,215,283,292,315,289,253,160,202,204,200,189,223,292,178,182,261,243,265,177,168,227,277,265,250,254,271,259,291,224,254,240,295,265,257,289,350,346,314,351,366,342,337,355,381,366,365,355,342,346,479,383,432,425,435,442,448,482,408,447,404,438,327,369,367,299,326,369,365,352,344,347,314,323,373,135,97,0,141,182,197,164,104,129,151,146,126,157,139,117,123,95,243,203,245,344,345,410,302,243,191,290,323,244,271,253,164,158,199,207,188,168,226,171,217,205,143,186,170
90,99,133,115,85,133,127,122,233,167,235,244,251,216,205,87,154,131,127,129,150,217,130,109,188,170,191,104,125,154,238,241,202,219,237,228,256,204,230,196,260,230,237,269,314,311,279,316,331,307,301,320,345,331,329,320,307,311,444,348,375,352,362,369,404,438,335,374,331,365,279,303,302,251,269,296,291,286,278,272,259,270,300,115,122,140,0,113,125,106,148,109,131,90,93,87,119,104,161,141,223,183,225,324,333,399,290,223,191,270,312,224,251,234,144,138,151,187,168,148,236,166,235,215,161,196,177
137,147,175,158,129,177,165,169,280,214,283,291,298,263,252,134,202,178,174,176,197,264,177,156,235,217,238,151,172,201,285,281,250,266,284,275,303,241,271,243,307,277,273,306,361,358,326,363,378,354,348,367,392,378,376,367,354,358,491,399,406,399,409,416,451,486,382,421,378,428,319,350,349,298,302,343,338,333,325,319,306,317,347,152,159,177,111,0,101,90,174,145,168,103,125,101,156,140,197,177,260,220,261,361,370,435,327,260,228,306,348,261,287,270,180,174,198,223,204,184,272,203,271,252,197,232,213
154,163,192,175,146,195,182,186,297,231,299,308,315,280,269,151,218,195,191,192,214,280,194,173,252,234,255,168,189,218,302,298,266,283,300,292,320,258,288,260,324,294,290,322,378,375,343,380,395,371,365,384,409,395,393,384,371,375,508,416,423,416,426,433,468,502,399,438,395,429,336,366,366,315,319,360,355,350,342,336,323,334,364,169,175,194,128,101,0,116,198,162,185,120,142,118,173,157,214,194,277,237,278,378,387,452,344,276,245,323,365,277,304,287,197,191,215,240,221,201,289,220,288,269,214,249,230
134,137,164,147,119,173,154,159,276,210,279,288,295,260,249,130,198,175,171,172,194,260,174,153,232,214,235,147,169,198,282,270,246,259,276,264,296,230,259,240,301,270,262,294,355,351,319,356,371,347,342,360,386,372,370,360,347,351,485,393,403,396,405,413,448,482,379,418,375,409,316,346,346,295,298,339,335,330,322,331,303,314,343,140,146,166,108,91,117,0,147,134,156,92,113,102,144,129,186,166,248,208,250,350,358,424,315,248,217,295,337,249,276,258,169,163,195,212,193,173,261,191,260,240,186,221,202
169,173,174,180,147,184,164,194,294,230,298,307,330,295,268,166,217,210,206,204,229,296,193,188,267,249,271,183,182,233,292,280,265,269,286,273,306,239,269,255,310,280,271,304,365,361,329,366,381,357,351,370,396,381,379,370,357,361,494,402,439,431,441,448,463,497,415,453,411,444,342,382,381,314,341,383,370,365,358,351,329,337,379,150,108,103,147,172,199,146,0,144,166,139,113,160,154,132,138,111,258,218,260,359,360,425,317,258,206,304,338,259,286,269,179,172,214,222,203,183,241,186,232,221,158,201,185
134,131,99,115,110,118,95,123,228,163,232,240,264,239,202,131,151,170,171,137,194,260,126,153,232,193,232,148,116,198,226,213,198,202,219,207,239,173,203,189,244,213,205,237,298,294,262,299,314,290,285,303,329,315,313,304,290,295,428,336,381,373,383,390,396,431,357,395,353,386,275,317,315,248,274,317,313,300,292,295,262,271,321,83,114,132,112,153,168,135,148,0,99,116,113,128,87,92,138,126,192,151,193,293,301,367,258,191,160,235,279,192,219,202,112,106,147,155,136,116,204,135,203,184,129,164,145
156,145,114,138,134,114,120,124,224,159,228,236,260,235,198,153,147,166,187,133,210,264,122,170,232,189,228,170,112,198,222,209,194,198,215,203,235,169,198,185,240,209,188,213,294,290,258,295,310,286,281,299,325,311,309,300,286,290,424,332,377,369,379,386,392,427,353,391,349,382,271,313,311,244,271,313,309,296,288,291,258,267,317,83,136,155,134,175,187,157,170,103,0,138,135,150,79,115,127,142,167,127,169,262,271,336,227,167,129,207,249,168,195,171,108,100,143,151,132,92,173,104,177,153,118,133,114
113,116,143,125,98,153,133,137,255,189,258,267,274,239,228,109,177,154,150,151,173,239,153,132,211,193,214,126,148,177,261,249,225,238,255,242,275,208,238,219,279,249,240,273,334,330,298,335,350,326,321,339,365,350,348,339,326,330,463,371,382,375,384,392,427,461,358,397,354,388,295,325,325,274,277,318,314,309,301,295,289,297,322,119,125,145,89,105,120,90,141,113,135,0,85,83,123,107,165,145,227,187,229,328,337,403,294,226,195,273,316,228,255,238,148,142,174,191,172,152,240,170,239,219,165,200,181
115,118,138,128,93,149,128,140,257,191,260,269,276,241,230,111,179,156,152,153,175,244,155,134,213,195,216,128,147,179,257,244,227,233,250,238,270,204,233,220,275,244,236,268,329,325,293,330,345,321,316,334,360,346,344,335,321,325,459,362,384,377,402,394,427,462,360,399,356,390,297,327,327,276,295,321,316,311,303,297,284,295,324,114,109,129,92,130,145,112,118,108,130,85,0,105,118,103,160,136,223,182,224,324,332,398,289,222,191,269,311,223,250,233,143,137,176,186,167,147,235,166,234,215,160,195,176
116,125,155,137,108,155,148,147,258,192,261,270,276,242,231,112,180,157,152,154,175,242,156,135,214,196,217,129,150,179,264,265,228,245,262,254,282,224,254,222,286,256,256,289,340,337,304,342,356,332,327,345,371,357,355,346,333,337,442,378,385,377,387,411,430,464,361,399,357,391,298,328,328,277,280,321,317,312,304,297,284,296,325,135,142,161,90,105,120,101,165,129,151,86,108,0,139,123,181,161,243,203,245,344,353,419,310,242,211,289,332,244,271,254,164,157,177,207,188,168,256,186,255,235,181,216,197
156,151,118,137,134,125,119,136,235,171,239,248,271,247,209,152,158,178,193,145,216,276,134,175,244,201,240,169,124,210,233,221,206,210,227,214,247,180,210,196,251,221,201,227,306,302,270,307,322,298,293,311,337,322,320,311,298,302,435,343,388,381,391,398,404,439,364,403,360,394,283,325,323,255,282,325,321,308,300,303,270,278,328,88,130,144,134,175,190,157,161,100,81,138,135,150,0,114,115,127,181,143,183,275,284,349,241,181,142,220,262,182,209,184,120,114,155,163,144,107,185,114,180,164,106,145,126
130,134,120,129,108,130,109,141,241,176,245,253,277,252,214,127,164,171,167,150,190,257,139,149,228,206,232,144,129,194,239,226,211,215,232,220,252,186,216,202,257,226,218,250,311,307,275,312,327,303,298,316,342,328,326,317,303,307,441,344,393,386,396,403,409,444,370,408,366,399,288,330,328,260,287,329,326,313,305,308,275,284,334,96,99,117,108,149,164,131,134,88,112,112,109,124,100,0,138,118,205,164,206,306,314,380,271,204,173,251,292,205,232,215,125,119,160,168,149,129,217,148,216,197,142,177,158
182,186,170,184,160,176,164,186,268,220,284,293,316,297,254,179,209,223,219,195,242,311,184,201,280,251,283,196,174,246,266,254,239,243,260,247,280,213,243,229,284,254,222,247,339,335,303,340,355,331,325,344,370,355,353,344,331,335,440,372,433,425,435,443,437,472,409,447,405,439,328,370,367,300,327,369,365,352,344,347,315,323,373,141,121,120,160,201,216,183,137,138,129,164,159,176,116,136,0,95,202,161,203,288,286,351,243,201,132,233,264,202,229,195,170,164,205,195,177,156,167,112,158,147,84,127,111
164,167,157,166,141,168,149,179,278,213,282,291,314,290,252,160,201,204,200,188,223,289,177,182,261,243,265,177,167,227,276,264,249,253,270,257,290,223,253,239,294,264,252,277,349,345,313,350,365,341,335,354,380,365,363,354,341,345,450,386,431,424,433,441,447,482,407,446,403,437,326,368,366,298,325,368,364,350,343,345,313,321,371,134,97,95,141,183,197,164,113,125,143,146,134,157,127,118,94,0,232,192,233,318,316,381,273,231,162,263,294,232,259,225,163,156,198,205,187,167,197,143,188,177,114,157,141
226,217,188,212,222,183,208,195,167,177,184,193,230,259,168,228,195,228,258,204,281,320,192,240,288,223,264,241,183,254,165,130,145,139,137,124,157,133,127,146,167,131,96,112,221,217,185,222,237,213,208,226,252,238,236,227,213,218,351,259,333,326,336,343,319,354,309,348,305,339,228,263,249,200,227,270,266,253,245,248,215,223,273,174,224,242,222,263,278,245,258,191,165,227,223,238,179,203,198,229,0,104,107,207,222,287,179,124,169,153,200,110,129,180,156,166,173,136,131,148,208,155,233,208,181,189,170
192,181,150,174,184,150,170,160,197,157,214,222,250,263,188,194,176,202,224,170,247,301,159,206,269,216,258,207,149,234,195,159,172,168,167,153,186,149,156,163,196,160,125,151,250,247,215,252,266,242,237,255,281,267,265,256,243,247,380,288,362,355,365,372,349,382,338,377,334,368,257,292,278,229,256,299,295,282,274,277,244,253,303,136,185,204,184,225,240,207,220,153,127,189,185,200,141,165,161,191,105,0,111,214,229,294,186,109,131,160,207,110,137,169,128,128,153,133,114,110,187,117,195,170,143,151,132
234,222,191,215,225,191,212,202,199,201,216,225,262,291,200,236,220,244,265,211,288,342,200,247,310,255,296,249,190,276,197,162,177,170,169,156,189,164,158,178,198,162,128,145,253,249,217,254,269,245,240,258,284,269,267,258,245,249,382,290,365,357,367,375,351,386,341,379,337,371,260,295,281,232,259,301,298,284,276,279,247,255,305,177,227,245,225,267,282,249,262,195,169,230,226,241,182,206,202,233,108,109,0,178,193,258,150,96,163,124,170,76,100,151,169,170,198,168,158,151,179,158,236,196,184,192,173
336,324,293,317,324,293,310,304,296,304,313,322,359,388,297,338,322,346,367,313,390,444,302,349,412,352,393,351,292,378,294,259,274,268,266,253,286,261,256,275,295,260,225,236,350,346,314,351,366,342,337,355,381,366,364,355,342,346,479,383,462,454,464,472,448,483,438,476,434,468,357,392,378,329,356,398,395,381,373,376,344,352,402,275,326,340,324,365,380,347,358,293,260,328,325,340,273,305,284,315,205,211,176,0,168,203,133,199,233,134,154,181,152,165,271,272,300,265,261,253,191,243,305,222,267,239,253
352,341,310,334,334,310,320,320,313,320,330,338,376,404,313,353,339,362,384,330,407,461,318,366,429,368,410,367,308,394,311,275,290,284,283,269,302,278,272,292,312,276,241,252,366,363,331,368,382,359,353,371,398,383,381,372,359,363,496,400,478,471,481,488,465,499,454,493,450,484,373,408,394,345,372,415,411,398,390,393,360,369,419,286,336,341,334,375,390,357,359,303,270,339,335,350,283,315,285,316,222,228,193,168,0,137,121,215,240,151,118,198,168,180,287,288,316,282,277,270,199,253,302,216,268,233,254
400,388,357,381,381,357,368,368,360,367,377,386,423,452,361,400,386,410,431,377,454,508,366,413,476,416,457,415,356,442,358,323,338,332,330,317,350,325,319,339,359,323,289,300,414,410,378,415,430,406,400,419,445,430,428,419,406,410,515,447,526,518,528,536,512,547,502,540,498,532,421,456,442,393,420,462,459,445,437,440,408,416,466,333,383,389,381,423,438,405,406,351,317,386,382,398,330,363,333,364,269,275,240,190,139,0,166,263,287,198,181,245,216,227,335,336,364,329,324,317,247,301,349,280,315,280,302
308,297,266,290,289,266,276,277,269,276,286,294,332,361,269,308,295,319,340,286,363,417,275,322,385,325,366,323,265,351,267,232,247,241,239,225,258,234,228,248,268,232,197,208,322,318,287,324,339,315,309,328,354,339,337,328,315,319,452,360,435,427,437,444,421,456,411,449,407,440,329,365,351,302,329,371,367,354,346,349,316,325,375,241,290,296,289,331,346,312,314,259,225,294,290,305,238,270,240,271,178,184,149,133,119,185,0,171,195,107,97,154,124,131,244,245,273,238,233,226,141,209,257,171,223,188,209
234,222,191,215,226,191,212,202,216,202,233,242,279,307,217,236,220,244,265,211,288,342,200,248,310,261,302,249,189,276,214,179,194,188,186,173,206,181,175,195,215,179,145,162,270,266,234,271,286,262,257,275,301,286,284,275,262,266,399,308,382,374,384,392,368,403,358,396,354,388,277,312,298,249,276,318,315,301,293,296,264,272,322,177,227,246,225,267,282,249,262,195,169,230,226,242,182,207,200,231,125,110,98,201,216,281,173,0,136,147,194,94,124,133,169,170,198,177,159,151,162,158,221,169,183,166,169
215,204,173,197,193,173,180,184,249,201,265,273,297,295,234,212,206,226,247,193,270,324,182,229,292,249,287,229,172,258,247,227,220,223,234,220,253,194,223,210,263,227,192,218,317,314,282,319,334,310,304,323,348,334,332,323,310,314,447,355,413,406,416,423,416,451,389,428,386,419,308,350,346,280,308,350,346,333,325,328,295,304,354,145,188,187,193,235,249,217,204,163,129,198,194,210,142,175,131,162,172,132,163,221,230,296,187,137,0,166,208,160,173,130,165,161,197,176,158,147,121,102,152,114,114,94,100
283,271,240,264,270,240,257,251,243,251,260,269,306,335,244,285,270,293,314,260,337,391,249,297,359,299,340,298,239,325,241,206,221,215,213,200,233,209,203,222,243,207,172,183,297,293,261,298,313,289,284,302,328,314,312,303,289,293,427,330,409,402,411,419,395,430,385,424,381,415,304,339,325,276,303,345,342,328,321,323,291,299,349,222,272,287,270,312,327,294,304,240,206,275,271,287,219,252,231,262,152,159,123,128,143,208,100,146,169,0,121,128,99,112,218,219,247,212,208,200,137,190,252,170,214,186,200
329,317,286,311,311,286,297,297,290,297,306,315,352,381,290,330,316,339,360,307,383,437,295,343,406,345,387,344,286,371,287,252,267,261,259,246,279,255,249,268,289,253,218,229,343,340,307,345,359,335,330,348,374,360,358,349,336,340,473,377,455,448,458,465,441,476,431,470,427,461,350,385,371,322,349,392,388,375,367,370,337,345,395,263,313,318,311,352,367,334,335,280,247,315,312,327,260,292,262,293,198,205,170,153,116,181,98,192,217,128,0,174,145,157,264,265,293,259,254,247,176,230,279,193,245,210,231
233,221,190,214,224,190,211,201,200,200,217,226,263,292,201,235,219,243,264,210,287,341,199,246,309,256,297,248,189,275,198,163,178,171,170,157,190,166,160,179,199,164,129,146,254,250,218,255,270,246,241,259,285,270,269,259,246,250,383,292,366,358,368,376,352,387,342,380,338,372,261,296,282,233,260,302,299,285,277,280,248,256,306,176,226,245,224,266,280,248,261,194,168,229,225,240,181,205,201,232,109,108,75,180,195,260,152,93,159,126,173,0,106,143,168,169,197,169,157,150,172,157,235,193,183,190,172
260,248,217,241,252,217,238,228,220,228,237,246,283,312,221,262,246,270,291,237,314,368,226,273,336,276,317,275,216,302,218,183,198,191,190,177,210,186,180,199,219,184,149,160,274,270,238,275,290,266,261,279,305,290,289,279,266,270,403,312,386,378,388,396,372,407,362,400,358,392,281,316,302,253,280,322,319,305,297,300,268,276,326,203,253,272,251,293,308,275,288,221,195,256,252,268,208,233,228,259,129,135,100,154,169,234,126,123,174,100,147,103,0,127,195,196,224,189,185,177,155,184,259,188,211,199,200
257,246,215,239,235,215,222,226,271,242,288,296,334,337,272,254,248,267,289,235,312,366,224,271,334,290,329,271,213,299,269,234,249,243,241,227,260,235,230,250,270,234,200,210,325,321,289,326,341,317,311,330,356,341,339,330,317,321,454,358,437,429,439,447,423,457,413,451,409,443,332,367,353,304,331,373,369,356,348,351,319,327,377,187,237,250,235,277,292,259,267,205,171,240,236,252,184,217,194,225,180,170,151,168,177,242,134,135,132,113,155,144,126,0,206,203,238,217,199,188,93,155,210,126,177,141,163
140,130,109,132,144,97,131,109,187,139,202,211,234,220,172,142,131,150,172,118,195,248,106,154,217,173,212,155,97,182,185,172,157,161,179,166,198,132,162,148,203,172,164,203,257,253,222,259,273,250,244,263,288,274,272,263,250,254,359,295,351,344,354,361,356,390,327,366,323,357,246,288,285,218,245,288,284,271,263,266,233,242,292,96,146,165,144,186,198,168,181,114,107,149,145,161,110,126,161,165,157,128,170,274,288,354,245,168,163,219,267,169,196,205,0,86,127,114,95,93,207,137,211,186,152,167,148
138,125,102,126,138,91,124,103,202,141,209,218,241,217,179,140,128,148,169,115,192,246,104,151,214,171,210,153,93,180,200,188,173,177,194,181,213,147,177,163,218,187,179,215,273,269,237,274,289,265,259,278,304,289,287,278,265,269,402,310,358,351,361,368,371,406,334,373,330,364,253,295,293,225,252,295,291,278,270,273,240,249,299,89,139,158,138,179,194,161,174,107,100,142,139,154,103,119,154,158,169,129,171,275,289,355,246,169,161,220,267,170,197,203,87,0,125,129,111,94,205,136,209,185,145,165,146
148,153,145,161,170,124,167,134,155,89,158,167,190,173,128,150,84,123,179,109,180,214,87,161,182,126,168,163,108,148,161,163,125,142,159,151,179,127,153,118,182,152,163,206,237,233,201,238,253,229,224,242,268,254,252,242,229,233,339,270,307,299,309,317,335,370,283,321,279,313,202,244,241,174,201,243,240,226,218,221,189,197,247,132,182,201,153,201,216,193,217,150,143,175,178,174,146,162,197,201,174,154,199,303,317,383,275,197,197,248,296,198,225,238,127,126,0,111,120,145,247,172,251,226,188,207,188
184,175,153,176,188,141,175,153,145,108,161,170,193,213,131,186,131,170,216,154,228,261,132,198,230,167,208,199,140,195,143,131,116,119,137,124,156,90,120,106,161,130,122,166,215,211,180,217,232,208,202,221,246,232,230,221,208,212,345,253,310,303,313,320,314,348,286,325,282,316,205,247,244,177,204,247,243,230,222,225,192,200,250,140,190,209,188,230,244,212,225,158,151,193,189,204,154,170,196,209,136,134,167,267,281,347,239,177,177,212,260,170,189,219,114,130,110,0,99,138,227,152,231,206,179,187,168
165,156,133,157,169,122,155,133,171,123,187,195,219,228,156,167,141,175,196,142,219,272,131,178,240,182,223,180,121,205,169,156,142,145,163,150,182,116,146,132,187,156,148,176,241,238,206,243,258,234,228,247,272,258,256,247,234,238,371,275,335,328,338,345,340,375,311,350,307,341,230,272,270,202,230,272,268,255,247,250,217,226,276,120,170,189,169,210,225,192,205,138,131,173,170,185,134,150,176,189,131,114,159,261,276,341,233,157,156,207,254,158,184,199,95,111,119,98,0,114,206,132,210,186,158,166,147
160,148,117,141,151,117,137,128,211,162,226,235,258,239,196,162,150,170,191,137,214,268,126,173,236,193,231,175,116,202,209,196,181,185,202,190,222,156,186,172,227,196,170,195,281,277,245,282,297,273,268,286,312,298,296,287,273,277,411,319,375,367,377,385,379,414,351,389,347,381,270,312,309,242,269,311,308,294,286,289,257,265,315,103,153,172,151,192,207,174,187,120,96,155,152,167,109,132,151,171,149,109,151,255,269,335,226,149,143,200,248,150,177,185,95,96,147,138,115,0,187,118,192,167,140,147,128
258,247,216,240,236,215,222,226,297,249,313,321,345,337,283,255,249,268,289,235,312,366,224,272,334,291,330,272,213,300,295,263,268,271,270,256,289,242,259,258,299,263,228,239,353,350,318,355,369,346,340,359,385,370,368,359,346,350,483,391,462,454,464,472,452,486,438,476,434,468,356,395,381,329,356,398,394,381,373,376,343,352,402,188,223,222,236,277,292,259,240,205,172,240,237,252,185,217,166,197,209,189,180,192,184,250,141,164,121,137,163,173,155,92,209,204,245,224,206,190,0,141,183,97,149,114,135
189,177,146,170,166,146,153,157,224,176,240,248,272,268,209,185,179,199,220,166,243,297,155,202,265,222,260,202,145,231,222,209,195,198,216,203,235,169,199,185,240,209,177,203,294,291,259,296,311,287,281,300,325,311,309,300,287,291,424,328,388,381,391,398,393,427,365,403,361,394,283,325,323,255,283,325,321,308,300,303,270,279,329,118,168,168,166,208,222,190,185,136,102,171,167,183,115,148,112,143,157,117,159,243,252,318,209,157,102,189,230,158,185,153,136,134,172,151,133,121,142,0,147,122,95,102,83
264,253,221,246,242,221,228,232,303,255,319,327,351,343,288,260,254,274,295,241,318,372,230,277,340,297,336,277,220,306,301,288,273,277,295,282,314,248,278,264,319,288,256,282,373,370,338,375,390,366,360,379,404,390,388,379,366,370,503,411,467,460,470,477,472,506,443,482,439,473,362,404,402,334,361,404,400,387,379,382,349,358,408,193,214,212,242,283,298,265,230,211,177,246,243,258,179,223,157,188,236,196,238,308,302,368,259,224,153,253,281,237,260,211,215,210,251,230,212,196,184,147,0,158,141,139,137
239,228,197,221,217,197,203,207,278,230,294,302,326,318,264,236,230,249,270,216,293,347,205,253,315,272,311,253,195,281,276,264,249,253,270,257,290,223,253,239,295,263,232,257,349,345,313,350,365,341,335,354,380,365,363,354,341,345,478,382,443,435,445,453,447,482,419,457,415,449,337,379,377,310,337,379,375,362,354,357,324,333,383,169,204,203,217,258,273,240,221,186,153,221,218,233,166,198,147,178,211,171,199,227,218,284,175,172,114,170,196,196,191,127,190,185,226,205,186,171,99,122,156,0,130,85,116
199,194,161,179,176,165,161,176,251,203,267,275,299,287,237,195,198,218,235,185,258,316,174,217,284,241,279,212,164,250,249,237,222,226,243,230,263,196,226,212,267,236,205,230,322,318,286,323,338,314,308,327,353,338,336,327,314,318,451,355,416,408,418,426,420,454,392,430,388,422,310,353,350,283,310,352,348,335,327,330,297,306,356,131,141,140,176,217,232,199,157,142,119,181,177,192,106,156,84,114,184,144,186,270,269,334,226,184,115,216,246,185,212,178,160,153,195,178,160,144,150,95,142,130,0,110,94
220,209,178,202,198,178,184,189,259,211,275,283,307,299,245,217,211,230,251,198,274,328,186,234,296,253,292,234,176,262,257,245,230,234,251,238,271,204,234,220,275,245,213,238,330,326,294,331,346,322,316,335,361,346,344,335,322,326,459,367,424,416,426,434,428,463,400,438,396,430,319,361,358,291,318,360,356,343,335,338,306,314,364,150,185,184,198,239,254,221,202,167,134,203,199,214,147,179,128,159,193,152,194,241,232,298,189,169,95,187,211,192,200,141,171,166,207,186,167,152,114,103,136,81,111,0,97
200,189,158,182,178,158,164,168,239,191,255,263,287,279,225,197,191,210,231,177,254,308,166,214,276,233,272,214,156,242,237,225,210,214,231,218,250,184,214,200,255,224,193,218,310,306,274,311,326,302,296,315,341,326,324,315,302,306,439,347,404,396,406,414,408,443,380,418,376,409,298,340,338,271,298,340,336,323,315,318,285,294,344,130,168,167,178,219,234,201,184,147,114,182,179,194,127,159,111,142,172,132,174,254,253,318,210,170,99,200,231,173,200,162,148,146,187,166,148,132,134,83,135,114,94,94,0
